subj,age,gender,modality,algorithm,n_trials,pse,jnd,sc,ss,lat_range,lat_entropy,jnd_log,age_z,modality_algorithm,n_trials_f
A01,26,Female,Auditory,Adaptive,40,548.386439458814,40.3559591441952,526.6,91.8699624469282,344,2.70515223331093,3.7222165258188227,-0.46318660674648493,Auditory_Adaptive,40
A01,26,Female,Auditory,Fixed,40,522.588846264353,2.96288106067951,500,143.614066163451,450,3.32192809488736,1.3769713013126745,-0.46318660674648493,Auditory_Fixed,40
A01,26,Female,Auditory,Adaptive,60,528.5321058463,48.1252306667996,527.45,79.7365296878831,344,2.69911932793853,3.8943727656857723,-0.46318660674648493,Auditory_Adaptive,60
A01,26,Female,Auditory,Fixed,60,516.683325359492,33.3992874506758,500,143.614066163451,450,3.32192809488736,3.538035850521677,-0.46318660674648493,Auditory_Fixed,60
A01,26,Female,Auditory,Adaptive,80,531.252181673356,45.6888773090531,526.975,74.07833269587,344,2.52361322925368,3.843505963053417,-0.46318660674648493,Auditory_Adaptive,80
A01,26,Female,Auditory,Fixed,80,506.265096813922,32.8094084515857,500,143.614066163451,450,3.32192809488736,3.5207391203107647,-0.46318660674648493,Auditory_Fixed,80
A01,26,Female,Auditory,Adaptive,100,531.744534741801,46.4806348286705,526.2,69.2870839334432,344,2.52409861056871,3.86032194009586,-0.46318660674648493,Auditory_Adaptive,100
A01,26,Female,Auditory,Fixed,100,505.010705423929,33.4508793104226,500,143.614066163451,450,3.32192809488736,3.5395345213842226,-0.46318660674648493,Auditory_Fixed,100
A01,26,Female,Auditory,Adaptive,120,534.062950736041,42.0234882558,525.625,65.9175068425174,344,2.44265329954301,3.7617462050665917,-0.46318660674648493,Auditory_Adaptive,120
A01,26,Female,Auditory,Fixed,120,500,44.4036044427194,500,143.614066163451,450,3.32192809488736,3.8155914949072844,-0.46318660674648493,Auditory_Fixed,120
A01,26,Female,Auditory,Adaptive,140,534.113268341703,42.3100523619634,526.871428571429,63.7455704743635,344,2.33209241216533,3.768384764229808,-0.46318660674648493,Auditory_Adaptive,140
A01,26,Female,Auditory,Fixed,140,503.575061929266,44.3226163358225,500,143.614066163451,450,3.32192809488736,3.813806164763171,-0.46318660674648493,Auditory_Fixed,140
A01,26,Female,Auditory,Adaptive,160,530.498040767194,45.814697016311,525.49375,63.3700438767207,344,2.32571606922595,3.846197192433799,-0.46318660674648493,Auditory_Adaptive,160
A01,26,Female,Auditory,Fixed,160,506.254992721013,42.1115182897342,500,143.614066163451,450,3.32192809488736,3.7637902071074203,-0.46318660674648493,Auditory_Fixed,160
A01,26,Female,Auditory,Adaptive,180,526.645274542452,49.1457396273536,523.311111111111,63.6439129400525,344,2.40320705688823,3.914933558204126,-0.46318660674648493,Auditory_Adaptive,180
A01,26,Female,Auditory,Fixed,180,497.219382550232,44.3546283751334,500,143.614066163451,450,3.32192809488736,3.81451223034209,-0.46318660674648493,Auditory_Fixed,180
A01,26,Female,Auditory,Adaptive,200,527.100059915329,49.8543824328205,521.09,64.578416673065007,344,2.47728147351386,3.9289663023172743,-0.46318660674648493,Auditory_Adaptive,200
A01,26,Female,Auditory,Fixed,200,502.502327910421,43.5602650806719,500,143.614066163451,450,3.32192809488736,3.7968425444494467,-0.46318660674648493,Auditory_Fixed,200
A02,29,Male,Auditory,Adaptive,40,505.172717645278,23.4192158241754,502.9,67.2554087044306,342,2.86643035777007,3.195370356134827,-0.07719776779108098,Auditory_Adaptive,40
A02,29,Male,Auditory,Fixed,40,500,44.4036044427194,500,143.614066163451,450,3.32192809488736,3.8155914949072844,-0.07719776779108098,Auditory_Fixed,40
A02,29,Male,Auditory,Adaptive,60,499.870979323177,26.748617891051,505.15,56.2440589455159,342,2.61662221482083,3.3231860332242054,-0.07719776779108098,Auditory_Adaptive,60
A02,29,Male,Auditory,Fixed,60,474.968738556077,45.7431508050773,500,143.614066163451,450,3.32192809488736,3.844667738158254,-0.07719776779108098,Auditory_Fixed,60
A02,29,Male,Auditory,Adaptive,80,500.792735559509,22.4916704560099,506.7125,50.1483284242855,342,2.44410180991566,3.1566459096379025,-0.07719776779108098,Auditory_Adaptive,80
A02,29,Male,Auditory,Fixed,80,474.988577184138,40.2546104936679,500,143.614066163451,450,3.32192809488736,3.7197628760784043,-0.07719776779108098,Auditory_Fixed,80
A02,29,Male,Auditory,Adaptive,100,498.23976343809,22.8041829679894,506.29,45.8397851216604,342,2.30456723624025,3.169861320191874,-0.07719776779108098,Auditory_Adaptive,100
A02,29,Male,Auditory,Fixed,100,479.991684108129,36.4146375686567,500,143.614066163451,450,3.32192809488736,3.6220620066928535,-0.07719776779108098,Auditory_Fixed,100
A02,29,Male,Auditory,Adaptive,120,494.993767271961,23.0188294930517,505.683333333333,43.0042601248863,342,2.19699112290406,3.1788380849503834,-0.07719776779108098,Auditory_Adaptive,120
A02,29,Male,Auditory,Fixed,120,483.323754353956,36.7133342677261,500,143.614066163451,450,3.32192809488736,3.630013726023091,-0.07719776779108098,Auditory_Fixed,120
A02,29,Male,Auditory,Adaptive,140,494.232448718036,25.0880261670879,504.928571428571,42.0398863083183,342,2.18815201892118,3.2614764415180963,-0.07719776779108098,Auditory_Adaptive,140
A02,29,Male,Auditory,Fixed,140,485.705708561529,39.4403824841984,500,143.614066163451,450,3.32192809488736,3.6998288521737748,-0.07719776779108098,Auditory_Fixed,140
A02,29,Male,Auditory,Adaptive,160,494.00883375018,26.3953984977316,503.6,42.990144219344,342,2.25665219705267,3.31037506125186,-0.07719776779108098,Auditory_Adaptive,160
A02,29,Male,Auditory,Fixed,160,481.241369165055,37.7226869755715,500,143.614066163451,450,3.32192809488736,3.656425655030908,-0.07719776779108098,Auditory_Fixed,160
A02,29,Male,Auditory,Adaptive,180,492.874714031654,25.7103725296631,501.05,43.5401825903383,342,2.30805693268199,3.2850519742227773,-0.07719776779108098,Auditory_Adaptive,180
A02,29,Male,Auditory,Fixed,180,477.769756495435,38.2103140319925,500,143.614066163451,450,3.32192809488736,3.668939825249279,-0.07719776779108098,Auditory_Fixed,180
A02,29,Male,Auditory,Adaptive,200,492.151953125147,24.3533171338804,498.7,45.1700121762215,342,2.37597722056131,3.2329095748841428,-0.07719776779108098,Auditory_Adaptive,200
A02,29,Male,Auditory,Fixed,200,469.987875320121,40.086813541732504,500,143.614066163451,450,3.32192809488736,3.7156872316218688,-0.07719776779108098,Auditory_Fixed,200
A03,34,Female,Auditory,Adaptive,40,488.260018855731,22.0811310467598,500.075,67.5467939653689,329,2.87929728840203,3.1390154459313613,0.566116963801259,Auditory_Adaptive,40
A03,34,Female,Auditory,Fixed,40,462.488177745648,39.1704593779946,500,143.614066163451,450,3.32192809488736,3.693131884153315,0.566116963801259,Auditory_Fixed,40
A03,34,Female,Auditory,Adaptive,60,490.890517990957,23.6237087394051,497.883333333333,56.6512993868828,329,2.58415839189448,3.203709748704813,0.566116963801259,Auditory_Adaptive,60
A03,34,Female,Auditory,Fixed,60,449.988407238281,35.6873884982576,500,143.614066163451,450,3.32192809488736,3.602433058353921,0.566116963801259,Auditory_Fixed,60
A03,34,Female,Auditory,Adaptive,80,493.667483889618,26.5250927531852,497.15,50.3907481587642,329,2.3932942401696,3.3150980523827283,0.566116963801259,Auditory_Adaptive,80
A03,34,Female,Auditory,Fixed,80,449.997410148435,30.4465376948674,500,143.614066163451,450,3.32192809488736,3.448288887892784,0.566116963801259,Auditory_Fixed,80
A03,34,Female,Auditory,Adaptive,100,491.401605104624,28.2750533598227,496.79,47.1828983849021,329,2.26576566188799,3.3767357321916913,0.566116963801259,Auditory_Adaptive,100
A03,34,Female,Auditory,Fixed,100,460.033190888649,30.6352597408876,500,143.614066163451,450,3.32192809488736,3.4542723131195148,0.566116963801259,Auditory_Fixed,100
A03,34,Female,Auditory,Adaptive,120,491.699931762062,28.8010260064889,496.091666666667,45.4990834767276,329,2.28566513745602,3.3945428226666183,0.566116963801259,Auditory_Adaptive,120
A03,34,Female,Auditory,Fixed,120,458.39919387809,27.7900508613241,500,143.614066163451,450,3.32192809488736,3.360029871254136,0.566116963801259,Auditory_Fixed,120
A03,34,Female,Auditory,Adaptive,140,493.264483618389,28.0496471723873,496.028571428571,44.9143538712678,329,2.2912646457304,3.369006337695326,0.566116963801259,Auditory_Adaptive,140
A03,34,Female,Auditory,Fixed,140,471.430169059689,34.8329775193827,500,143.614066163451,450,3.32192809488736,3.5788686291586624,0.566116963801259,Auditory_Fixed,140
A03,34,Female,Auditory,Adaptive,160,493.716148658016,25.9267713359406,494.98125,44.8093840443885,329,2.29794232171053,3.293121008657198,0.566116963801259,Auditory_Adaptive,160
A03,34,Female,Auditory,Fixed,160,468.752741490005,35.339034603548,500,143.614066163451,450,3.32192809488736,3.5928924969450358,0.566116963801259,Auditory_Fixed,160
A03,34,Female,Auditory,Adaptive,180,494.187145789756,24.8889934367698,494.344444444444,44.631991792413,329,2.31168060794149,3.253817914551491,0.566116963801259,Auditory_Adaptive,180
A03,34,Female,Auditory,Fixed,180,472.215579135806,38.214979808737,500,143.614066163451,450,3.32192809488736,3.6690588117782803,0.566116963801259,Auditory_Fixed,180
A03,34,Female,Auditory,Adaptive,200,496.402569584207,24.4540562143948,493.54,43.8701310688719,329,2.25569437203327,3.236875110037394,0.566116963801259,Auditory_Adaptive,200
A03,34,Female,Auditory,Fixed,200,474.992257616656,38.4715604631737,500,143.614066163451,450,3.32192809488736,3.675580424316958,0.566116963801259,Auditory_Fixed,200
A04,28,Female,Auditory,Adaptive,40,487.699135888329,25.8026141721828,497.875,65.1947802741907,325,2.82658965668423,3.288499426497894,-0.20586071410954895,Auditory_Adaptive,40
A04,28,Female,Auditory,Fixed,40,437.345003665156,47.5786083855403,500,143.614066163451,450,3.32192809488736,3.8831832773329382,-0.20586071410954895,Auditory_Fixed,40
A04,28,Female,Auditory,Adaptive,60,488.836987047615,21.3256144088632,494.816666666667,56.5787037870454,325,2.56499280283206,3.105734647497557,-0.20586071410954895,Auditory_Adaptive,60
A04,28,Female,Auditory,Fixed,60,424.923053275988,40.42076175381,500,143.614066163451,450,3.32192809488736,3.723782246764285,-0.20586071410954895,Auditory_Fixed,60
A04,28,Female,Auditory,Adaptive,80,480.929643202574,32.0842410642675,487.2625,58.2749396717834,325,2.57378564141416,3.4990570682336393,-0.20586071410954895,Auditory_Adaptive,80
A04,28,Female,Auditory,Fixed,80,424.969416860532,35.7181370540856,500,143.614066163451,450,3.32192809488736,3.6032708306440875,-0.20586071410954895,Auditory_Fixed,80
A04,28,Female,Auditory,Adaptive,100,485.736987788099,31.6196819380316,483.91,58.3885425404676,325,2.48957637030616,3.4849158466251473,-0.20586071410954895,Auditory_Adaptive,100
A04,28,Female,Auditory,Fixed,100,429.975319688061,32.3880630991577,500,143.614066163451,450,3.32192809488736,3.5081984438620397,-0.20586071410954895,Auditory_Fixed,100
A04,28,Female,Auditory,Adaptive,120,484.573979582194,31.2701782163292,482.833333333333,55.6931074929584,325,2.43296189377288,3.4741435287114406,-0.20586071410954895,Auditory_Adaptive,120
A04,28,Female,Auditory,Fixed,120,429.140182249571,30.2047319504515,500,143.614066163451,450,3.32192809488736,3.440569748394025,-0.20586071410954895,Auditory_Fixed,120
A04,28,Female,Auditory,Adaptive,140,485.495820169537,29.5039307949503,483.457142857143,52.8376720894925,325,2.34824178575431,3.417855553832203,-0.20586071410954895,Auditory_Adaptive,140
A04,28,Female,Auditory,Fixed,140,435.675806144085,30.9744012006745,500,143.614066163451,450,3.32192809488736,3.464935620180076,-0.20586071410954895,Auditory_Fixed,140
A04,28,Female,Auditory,Adaptive,160,485.044355153181,27.9378305250231,482.25,52.1211329500808,325,2.31837721361177,3.3651497538122577,-0.20586071410954895,Auditory_Adaptive,160
A04,28,Female,Auditory,Fixed,160,434.326474236588,29.5653478559978,500,143.614066163451,450,3.32192809488736,3.4198669442763165,-0.20586071410954895,Auditory_Fixed,160
A04,28,Female,Auditory,Adaptive,180,486.43643343523,27.5580458178244,482.916666666667,50.1049869995215,325,2.26124613705817,3.351938711384728,-0.20586071410954895,Auditory_Adaptive,180
A04,28,Female,Auditory,Fixed,180,436.03571469648,27.8829756019337,500,143.614066163451,450,3.32192809488736,3.3632523420250124,-0.20586071410954895,Auditory_Fixed,180
A04,28,Female,Auditory,Adaptive,200,487.536723785917,26.8375783210257,484.27,49.7582867470334,325,2.36466998296599,3.3263868460874115,-0.20586071410954895,Auditory_Adaptive,200
A04,28,Female,Auditory,Fixed,200,437.462945019606,31.2512365021726,500,143.614066163451,450,3.32192809488736,3.473556383659417,-0.20586071410954895,Auditory_Fixed,200
A05,26,Male,Auditory,Adaptive,40,464.731192196992,31.1790555987528,476.85,78.2290067685894,344,2.61794149136625,3.471315793674077,-0.46318660674648493,Auditory_Adaptive,40
A05,26,Male,Auditory,Fixed,40,449.933543675252,44.517883355223,500,143.614066163451,450,3.32192809488736,3.818105289510745,-0.46318660674648493,Auditory_Fixed,40
A05,26,Male,Auditory,Adaptive,60,483.236899421441,33.4631912526253,473.35,70.9414841025099,344,2.3745983648716402,3.5398918342590275,-0.46318660674648493,Auditory_Adaptive,60
A05,26,Male,Auditory,Fixed,60,449.988407238281,35.6873884982576,500,143.614066163451,450,3.32192809488736,3.602433058353921,-0.46318660674648493,Auditory_Fixed,60
A05,26,Male,Auditory,Adaptive,80,479.132587470151,34.4006188104895,472.8375,64.6702102497742,344,2.32976088207439,3.566729300509248,-0.46318660674648493,Auditory_Adaptive,80
A05,26,Male,Auditory,Fixed,80,456.260560740505,32.8202370644153,500,143.614066163451,450,3.32192809488736,3.521059353038277,-0.46318660674648493,Auditory_Fixed,80
A05,26,Male,Auditory,Adaptive,100,485.616695106681,39.4756369870299,473.9,62.0192711985557,344,2.32207476860478,3.7007002372293583,-0.46318660674648493,Auditory_Adaptive,100
A05,26,Male,Auditory,Fixed,100,465.00237720778,35.8499034866177,500,143.614066163451,450,3.32192809488736,3.6068529995442007,-0.46318660674648493,Auditory_Fixed,100
A05,26,Male,Auditory,Adaptive,120,485.021584944154,37.1351081786044,475.175,60.6060588967803,344,2.30238630381513,3.6411353323397093,-0.46318660674648493,Auditory_Adaptive,120
A05,26,Male,Auditory,Fixed,120,462.518471811301,32.6871927082659,500,143.614066163451,450,3.32192809488736,3.5171177267950595,-0.46318660674648493,Auditory_Fixed,120
A05,26,Male,Auditory,Adaptive,140,482.858853657529,36.704882599168,476.057142857143,59.2207458133877,344,2.28102336360246,3.629789597982292,-0.46318660674648493,Auditory_Adaptive,140
A05,26,Male,Auditory,Fixed,140,464.316969320087,30.9594499898275,500,143.614066163451,450,3.32192809488736,3.464467911420439,-0.46318660674648493,Auditory_Fixed,140
A05,26,Male,Auditory,Adaptive,160,483.98852732757,36.9775986204189,476.63125,58.0221532988694,344,2.25901467942256,3.6369964759080764,-0.46318660674648493,Auditory_Adaptive,160
A05,26,Male,Auditory,Fixed,160,465.668851096123,29.5539700155168,500,143.614066163451,450,3.32192809488736,3.41949462858273,-0.46318660674648493,Auditory_Fixed,160
A05,26,Male,Auditory,Adaptive,180,483.181802347601,34.8505270341264,477.783333333333,57.1945291672785,344,2.25956529235585,3.5793582680289613,-0.46318660674648493,Auditory_Adaptive,180
A05,26,Male,Auditory,Fixed,180,463.961901562298,27.8769561228709,500,143.614066163451,450,3.32192809488736,3.363043911062411,-0.46318660674648493,Auditory_Fixed,180
A05,26,Male,Auditory,Adaptive,200,482.490174142128,34.0893637631647,478.63,55.6394922694304,344,2.23082628070128,3.5578980578594908,-0.46318660674648493,Auditory_Adaptive,200
A05,26,Male,Auditory,Fixed,200,462.608095085927,26.4239816781652,500,143.614066163451,450,3.32192809488736,3.3114178743202367,-0.46318660674648493,Auditory_Fixed,200
A06,52,Female,Auditory,Adaptive,40,495.82351187235,26.3125728512089,495.45,69.8802368341722,346,2.86643035777007,3.3073471401734014,2.8820499975336826,Auditory_Adaptive,40
A06,52,Female,Auditory,Fixed,40,537.443799367737,28.9299346699428,500,143.614066163451,450,3.32192809488736,3.3988591391005416,2.8820499975336826,Auditory_Fixed,40
A06,52,Female,Auditory,Adaptive,60,501.030741153029,30.1647056735737,495.566666666667,58.5167687267694,346,2.53051551278208,3.4392862260825328,2.8820499975336826,Auditory_Adaptive,60
A06,52,Female,Auditory,Fixed,60,533.215259151596,25.4835557745276,500,143.614066163451,450,3.32192809488736,3.2765240035692447,2.8820499975336826,Auditory_Fixed,60
A06,52,Female,Auditory,Adaptive,80,495.558474151568,36.8864877362852,497.1375,52.513032608582,346,2.35600695741546,3.6345945244099807,2.8820499975336826,Auditory_Adaptive,80
A06,52,Female,Auditory,Fixed,80,525.00073384795,30.3390110783796,500,143.614066163451,450,3.32192809488736,3.4448636818154545,2.8820499975336826,Auditory_Fixed,80
A06,52,Female,Auditory,Adaptive,100,487.086638610498,37.9305693756404,496.24,48.5487631150372,346,2.22459894371316,3.6617797871419304,2.8820499975336826,Auditory_Adaptive,100
A06,52,Female,Auditory,Fixed,100,520.014845878303,32.3548076129894,500,143.614066163451,450,3.32192809488736,3.5072019182836365,2.8820499975336826,Auditory_Fixed,100
A06,52,Female,Auditory,Adaptive,120,486.612090620943,36.8892596167577,492.183333333333,48.9608658919436,346,2.2955326829429,3.6346676845059367,2.8820499975336826,Auditory_Adaptive,120
A06,52,Female,Auditory,Fixed,120,508.339796095526,38.2692300315214,500,143.614066163451,450,3.32192809488736,3.6704412613572446,2.8820499975336826,Auditory_Fixed,120
A06,52,Female,Auditory,Adaptive,140,490.775042617646,37.5996989860584,490.942857142857,47.441960244458,346,2.24886265334903,3.653244478151736,2.8820499975336826,Auditory_Adaptive,140
A06,52,Female,Auditory,Fixed,140,500,45.5294849476903,500,143.614066163451,450,3.32192809488736,3.8400861965429884,2.8820499975336826,Auditory_Fixed,140
A06,52,Female,Auditory,Adaptive,160,494.481020479204,40.8923969692669,491.8125,47.5693162001515,346,2.32168721357176,3.7351043538821127,2.8820499975336826,Auditory_Adaptive,160
A06,52,Female,Auditory,Fixed,160,493.743802172346,44.1551340355456,500,143.614066163451,450,3.32192809488736,3.8101039840417426,2.8820499975336826,Auditory_Fixed,160
A06,52,Female,Auditory,Adaptive,180,495.901030736954,42.1672324240952,494.294444444444,50.8222061288416,346,2.45376446126252,3.765081698735291,2.8820499975336826,Auditory_Adaptive,180
A06,52,Female,Auditory,Fixed,180,491.658648214271,43.9609596869148,500,143.614066163451,450,3.32192809488736,3.805794550707155,2.8820499975336826,Auditory_Fixed,180
A06,52,Female,Auditory,Adaptive,200,495.979422010729,38.9647705914278,497.07,52.1178961586133,346,2.48953605596104,3.687998330824495,2.8820499975336826,Auditory_Adaptive,200
A06,52,Female,Auditory,Fixed,200,487.484619796205,45.7860633649206,500,143.614066163451,450,3.32192809488736,3.8455853672271028,2.8820499975336826,Auditory_Fixed,200
A07,27,Male,Auditory,Adaptive,40,489.803923644004,28.2704947503007,501.175,69.0300251702113,331,2.88048202372184,3.3765800035435407,-0.33452366042801696,Auditory_Adaptive,40
A07,27,Male,Auditory,Fixed,40,449.933543675252,44.517883355223,500,143.614066163451,450,3.32192809488736,3.818105289510745,-0.33452366042801696,Auditory_Fixed,40
A07,27,Male,Auditory,Adaptive,60,494.328441277882,26.7113666384098,498.35,59.7524964610964,331,2.66467768955241,3.3218426769806273,-0.33452366042801696,Auditory_Adaptive,60
A07,27,Male,Auditory,Fixed,60,449.988407238281,35.6873884982576,500,143.614066163451,450,3.32192809488736,3.602433058353921,-0.33452366042801696,Auditory_Fixed,60
A07,27,Male,Auditory,Adaptive,80,491.585482998864,25.2159167985341,496.725,53.8267997841224,331,2.47122255266372,3.2663667377011394,-0.33452366042801696,Auditory_Adaptive,80
A07,27,Male,Auditory,Fixed,80,456.260560740505,32.8202370644153,500,143.614066163451,450,3.32192809488736,3.521059353038277,-0.33452366042801696,Auditory_Fixed,80
A07,27,Male,Auditory,Adaptive,100,485.738918046988,25.3589227702935,495.78,49.4179279209479,331,2.34156876488042,3.271806842725423,-0.33452366042801696,Auditory_Adaptive,100
A07,27,Male,Auditory,Fixed,100,464.949552880119,46.1907006572862,500,143.614066163451,450,3.32192809488736,3.854196853207775,-0.33452366042801696,Auditory_Fixed,100
A07,27,Male,Auditory,Adaptive,120,490.438206853833,26.6251484413378,494.925,46.4442609479363,331,2.24161432049742,3.3187265332655724,-0.33452366042801696,Auditory_Adaptive,120
A07,27,Male,Auditory,Fixed,120,470.796615070016,45.6460377061481,500,143.614066163451,450,3.32192809488736,3.8425879870546953,-0.33452366042801696,Auditory_Fixed,120
A07,27,Male,Auditory,Adaptive,140,490.055923889476,25.9204893850519,494.871428571429,44.5266922927205,331,2.141319820128,3.2928876838479844,-0.33452366042801696,Auditory_Adaptive,140
A07,27,Male,Auditory,Fixed,140,478.548275729124,44.9067840954556,500,143.614066163451,450,3.32192809488736,3.8266129077888253,-0.33452366042801696,Auditory_Fixed,140
A07,27,Male,Auditory,Adaptive,160,487.504427428326,24.5022255651695,494.34375,42.7356769682838,331,2.07063703470564,3.2387657254214295,-0.33452366042801696,Auditory_Adaptive,160
A07,27,Male,Auditory,Fixed,160,474.982580510927,42.3863285653218,500,143.614066163451,450,3.32192809488736,3.770144381464655,-0.33452366042801696,Auditory_Fixed,160
A07,27,Male,Auditory,Adaptive,180,486.278668426385,25.5849505989774,493.127777777778,42.1050314432789,331,2.02313451499809,3.280345288725401,-0.33452366042801696,Auditory_Adaptive,180
A07,27,Male,Auditory,Fixed,180,474.988577184138,40.2546104936679,500,143.614066163451,450,3.32192809488736,3.7197628760784043,-0.33452366042801696,Auditory_Fixed,180
A07,27,Male,Auditory,Adaptive,200,487.700036756868,26.933974193076,492.555,41.2619313047754,331,1.95426293193346,3.329843661029641,-0.33452366042801696,Auditory_Adaptive,200
A07,27,Male,Auditory,Fixed,200,479.986889943217,41.7932203695288,500,143.614066163451,450,3.32192809488736,3.7563796874596345,-0.33452366042801696,Auditory_Fixed,200
A08,20,Male,Auditory,Adaptive,40,517.613084572252,30.1813404671971,510.325,65.9823413876774,327,2.83149632952867,3.4398198539562417,-1.2351642846572928,Auditory_Adaptive,40
A08,20,Male,Auditory,Fixed,40,487.442759148523,28.927642639263,500,143.614066163451,450,3.32192809488736,3.3987825562923506,-1.2351642846572928,Auditory_Fixed,40
A08,20,Male,Auditory,Adaptive,60,509.16153912375,32.0555500413005,510.566666666667,57.2248100817197,327,2.61151102206033,3.498189480831651,-1.2351642846572928,Auditory_Adaptive,60
A08,20,Male,Auditory,Fixed,60,491.641900321307,31.6492289182776,500,143.614066163451,450,3.32192809488736,3.48582123885176,-1.2351642846572928,Auditory_Fixed,60
A08,20,Male,Auditory,Adaptive,80,511.437482278003,26.1497321549591,510.35,53.0080418427242,327,2.48591331567113,3.3013671809522425,-1.2351642846572928,Auditory_Adaptive,80
A08,20,Male,Auditory,Fixed,80,487.442759148523,28.927642639263,500,143.614066163451,450,3.32192809488736,3.3987825562923506,-1.2351642846572928,Auditory_Fixed,80
A08,20,Male,Auditory,Adaptive,100,513.10889810959,28.57742335358,510.56,49.7156554819506,327,2.36410229516402,3.3870113457664464,-1.2351642846572928,Auditory_Adaptive,100
A08,20,Male,Auditory,Fixed,100,489.98842192691,45.3547479619507,500,143.614066163451,450,3.32192809488736,3.8363237239165775,-1.2351642846572928,Auditory_Fixed,100
A08,20,Male,Auditory,Adaptive,120,504.750999757619,31.7117899865796,509.125,48.6906155400265,327,2.34376910873991,3.487735562968964,-1.2351642846572928,Auditory_Adaptive,120
A08,20,Male,Auditory,Fixed,120,491.658648214272,43.9609596869148,500,143.614066163451,450,3.32192809488736,3.805794550707155,-1.2351642846572928,Auditory_Fixed,120
A08,20,Male,Auditory,Adaptive,140,503.248874626223,37.4055641945823,505.585714285714,49.3106748388341,327,2.46526558324493,3.6482023499971405,-1.2351642846572928,Auditory_Adaptive,140
A08,20,Male,Auditory,Fixed,140,485.694789403522,46.4856513046247,500,143.614066163451,450,3.32192809488736,3.8604275876085326,-1.2351642846572928,Auditory_Fixed,140
A08,20,Male,Auditory,Adaptive,160,501.028724780223,34.1709087054364,502.1625,50.704275892177,327,2.56248567565168,3.560219283668071,-1.2351642846572928,Auditory_Adaptive,160
A08,20,Male,Auditory,Fixed,160,487.485466754918,45.3961335274837,500,143.614066163451,450,3.32192809488736,3.837216126611085,-1.2351642846572928,Auditory_Fixed,160
A08,20,Male,Auditory,Adaptive,180,500.522441353289,33.5557320317284,500.772222222222,50.6299022927444,327,2.60764045076104,3.542573441857484,-1.2351642846572928,Auditory_Adaptive,180
A08,20,Male,Auditory,Fixed,180,494.436546702751,46.8086593905595,500,143.614066163451,450,3.32192809488736,3.8672067818884526,-1.2351642846572928,Auditory_Fixed,180
A08,20,Male,Auditory,Adaptive,200,498.326708086471,33.1270937118138,499.725,51.4913524293157,327,2.65827041153736,3.530091605815378,-1.2351642846572928,Auditory_Adaptive,200
A08,20,Male,Auditory,Fixed,200,492.487531792537,47.9147310984234,500,143.614066163451,450,3.32192809488736,3.8900786005708308,-1.2351642846572928,Auditory_Fixed,200
A09,28,Male,Auditory,Adaptive,40,506.004104933807,37.2287443256974,494.575,72.1841005693082,347,2.92966348309459,3.643587701908569,-0.20586071410954895,Auditory_Adaptive,40
A09,28,Male,Auditory,Fixed,40,449.999800963525,24.265258924431,500,143.614066163451,450,3.32192809488736,3.229430287036143,-0.20586071410954895,Auditory_Fixed,40
A09,28,Male,Auditory,Adaptive,60,500.173118736819,33.8649119207197,490.1,64.7777482370811,347,2.71939131274786,3.551480934374636,-0.20586071410954895,Auditory_Adaptive,60
A09,28,Male,Auditory,Fixed,60,458.539637119076,23.353686683111,500,143.614066163451,450,3.32192809488736,3.192683241892057,-0.20586071410954895,Auditory_Fixed,60
A09,28,Male,Auditory,Adaptive,80,507.358058937529,32.6200263240057,489.6875,60.9712214388887,347,2.50940876412692,3.5151219109666503,-0.20586071410954895,Auditory_Adaptive,80
A09,28,Male,Auditory,Fixed,80,456.644274451159,20.0224376024381,500,143.614066163451,450,3.32192809488736,3.0455903245881815,-0.20586071410954895,Auditory_Fixed,80
A09,28,Male,Auditory,Adaptive,100,496.304425531638,35.9817072163238,489.2,56.4788455972677,347,2.45159948028262,3.610423390829649,-0.20586071410954895,Auditory_Adaptive,100
A09,28,Male,Auditory,Fixed,100,455.031423959972,29.0494505806775,500,143.614066163451,450,3.32192809488736,3.402844377309163,-0.20586071410954895,Auditory_Fixed,100
A09,28,Male,Auditory,Adaptive,120,486.703705957612,36.7457410753117,486.25,53.6801095999875,347,2.34182105135536,3.6308726501334285,-0.20586071410954895,Auditory_Adaptive,120
A09,28,Male,Auditory,Fixed,120,458.39919387809,27.7900508613241,500,143.614066163451,450,3.32192809488736,3.360029871254136,-0.20586071410954895,Auditory_Fixed,120
A09,28,Male,Auditory,Adaptive,140,484.109217559809,33.8082431665424,484.192857142857,51.3422544483268,347,2.24044854712701,3.5498542313323362,-0.20586071410954895,Auditory_Adaptive,140
A09,28,Male,Auditory,Fixed,140,460.753240660788,30.1706484198536,500,143.614066163451,450,3.32192809488736,3.439476896253075,-0.20586071410954895,Auditory_Fixed,140
A09,28,Male,Auditory,Adaptive,160,480.736980720641,34.4150911240462,483.1875,48.9965799189086,347,2.15125958920679,3.5671380322376054,-0.20586071410954895,Auditory_Adaptive,160
A09,28,Male,Auditory,Fixed,160,459.439576971773,28.1096642676119,500,143.614066163451,450,3.32192809488736,3.371070224458866,-0.20586071410954895,Auditory_Fixed,160
A09,28,Male,Auditory,Adaptive,180,477.900586234456,34.0082077446743,482.044444444444,47.3879757629884,347,2.07358756790621,3.5555825409876416,-0.20586071410954895,Auditory_Adaptive,180
A09,28,Male,Auditory,Fixed,180,461.198073020629,27.214464734608,500,143.614066163451,450,3.32192809488736,3.3398347802898147,-0.20586071410954895,Auditory_Fixed,180
A09,28,Male,Auditory,Adaptive,200,476.343148860177,38.1539631720186,480.925,46.4437226651783,347,2.04975953325406,3.66750164776083,-0.20586071410954895,Auditory_Adaptive,200
A09,28,Male,Auditory,Fixed,200,467.535458830163,29.8388813938427,500,143.614066163451,450,3.32192809488736,3.428776276761133,-0.20586071410954895,Auditory_Fixed,200
A10,31,Female,Auditory,Adaptive,40,532.96553650565,3.81062612153999,507.2,65.9947725202535,328,2.80235800093209,1.5708272464445212,0.180128124845855,Auditory_Adaptive,40
A10,31,Female,Auditory,Fixed,40,512.557240851477,28.9276426392631,500,143.614066163451,450,3.32192809488736,3.398782556292354,0.180128124845855,Auditory_Fixed,40
A10,31,Female,Auditory,Adaptive,60,527.526226241341,25.131705077806,512.75,57.9087284727729,328,2.52924126798348,3.263149331050973,0.180128124845855,Auditory_Adaptive,60
A10,31,Female,Auditory,Fixed,60,500,28.5066106100471,500,143.614066163451,450,3.32192809488736,3.384614326717875,0.180128124845855,Auditory_Fixed,60
A10,31,Female,Auditory,Adaptive,80,521.039192692096,25.0708794896904,515.775,53.5135438463946,328,2.33932521444582,3.2608189630760447,0.180128124845855,Auditory_Adaptive,80
A10,31,Female,Auditory,Fixed,80,506.265096813921,32.8094084515857,500,143.614066163451,450,3.32192809488736,3.5207391203107647,0.180128124845855,Auditory_Fixed,80
A10,31,Female,Auditory,Adaptive,100,521.074584362271,26.3790418080282,516.85,49.8366080306435,328,2.15739170645053,3.309777823193442,0.180128124845855,Auditory_Adaptive,100
A10,31,Female,Auditory,Fixed,100,500,35.6586636662877,500,143.614066163451,450,3.32192809488736,3.601649789654631,0.180128124845855,Auditory_Fixed,100
A10,31,Female,Auditory,Adaptive,120,517.715557594731,27.2469984948295,517.891666666667,47.3861435149794,328,2.04934184602144,3.3409872039770976,0.180128124845855,Auditory_Adaptive,120
A10,31,Female,Auditory,Fixed,120,504.170831763602,37.1159066499413,500,143.614066163451,450,3.32192809488736,3.6406316923786637,0.180128124845855,Auditory_Fixed,120
A10,31,Female,Auditory,Adaptive,140,517.990754308013,26.2779582227786,517.421428571429,44.778672834468,328,2.08916228754772,3.306078984968156,0.180128124845855,Auditory_Adaptive,140
A10,31,Female,Auditory,Fixed,140,507.152280160805,35.2546760391167,500,143.614066163451,450,3.32192809488736,3.5905683671641793,0.180128124845855,Auditory_Fixed,140
A10,31,Female,Auditory,Adaptive,160,519.740297003346,25.4743813942075,517.5625,42.9114913950797,328,2.02264937136139,3.276177525556604,0.180128124845855,Auditory_Adaptive,160
A10,31,Female,Auditory,Fixed,160,506.265096813922,32.8094084515857,500,143.614066163451,450,3.32192809488736,3.5207391203107647,0.180128124845855,Auditory_Fixed,160
A10,31,Female,Auditory,Adaptive,180,521.49052270731,24.6985050543783,517.366666666667,41.5428694242466,328,1.95725473273805,3.2464328211189484,0.180128124845855,Auditory_Adaptive,180
A10,31,Female,Auditory,Fixed,180,508.347257330584,33.9921181935451,500,143.614066163451,450,3.32192809488736,3.5551228416591916,0.180128124845855,Auditory_Fixed,180
A10,31,Female,Auditory,Adaptive,200,521.429958156794,23.8861066433337,517.735,40.521164531637,328,1.89161753744715,3.214309681618456,0.180128124845855,Auditory_Adaptive,200
A10,31,Female,Auditory,Fixed,200,510.012638235461,34.8623756783995,500,143.614066163451,450,3.32192809488736,3.5796887146831264,0.180128124845855,Auditory_Fixed,200
V01,28,Male,Visual,Adaptive,40,473.37398757519,13.4156445128887,493.95,66.3791947827028,330,2.82658965668423,2.6683140413561053,-0.20586071410954895,Visual_Adaptive,40
V01,28,Male,Visual,Fixed,40,522.588846267004,2.96288105742097,500,143.614066163451,450,3.32192809488736,1.3769713004904092,-0.20586071410954895,Visual_Fixed,40
V01,28,Male,Visual,Adaptive,60,479.906835060553,17.9818250500015,490.116666666667,56.2225019206921,330,2.50106973871786,2.9434819450396286,-0.20586071410954895,Visual_Adaptive,60
V01,28,Male,Visual,Fixed,60,516.78494544225,25.4831467189358,500,143.614066163451,450,3.32192809488736,3.2765085578053004,-0.20586071410954895,Visual_Fixed,60
V01,28,Male,Visual,Adaptive,80,481.673198807376,20.067435990149,487.7125,51.2967332658718,330,2.25771746913015,3.0477285303376482,-0.20586071410954895,Visual_Adaptive,80
V01,28,Male,Visual,Fixed,80,512.557240851477,28.9276426392631,500,143.614066163451,450,3.32192809488736,3.398782556292354,-0.20586071410954895,Visual_Fixed,80
V01,28,Male,Visual,Adaptive,100,483.164713641654,21.0816893923062,487.9,47.9018788775555,330,2.0840362519033,3.0947487308146835,-0.20586071410954895,Visual_Adaptive,100
V01,28,Male,Visual,Fixed,100,515.089480337919,26.969479339093,500,143.614066163451,450,3.32192809488736,3.3311138920635965,-0.20586071410954895,Visual_Fixed,100
V01,28,Male,Visual,Adaptive,120,485.356248479598,20.9806535688616,488.025,45.3351340022283,330,2.01150316335392,3.0901626832404867,-0.20586071410954895,Visual_Adaptive,120
V01,28,Male,Visual,Fixed,120,508.399947770549,27.7879256642205,500,143.614066163451,450,3.32192809488736,3.359956051462861,-0.20586071410954895,Visual_Fixed,120
V01,28,Male,Visual,Adaptive,140,485.574462684914,19.8371480810078,487.657142857143,43.3203633127773,330,1.94039987104982,3.0367373592004174,-0.20586071410954895,Visual_Adaptive,140
V01,28,Male,Visual,Fixed,140,510.754960627555,30.1667461736209,500,143.614066163451,450,3.32192809488736,3.4393516986485473,-0.20586071410954895,Visual_Fixed,140
V01,28,Male,Visual,Adaptive,160,485.811856584941,19.1089891276439,487.49375,41.677481461066,330,1.89651917289762,3.0011669353726367,-0.20586071410954895,Visual_Adaptive,160
V01,28,Male,Visual,Fixed,160,503.135711336889,31.7303778542283,500,143.614066163451,450,3.32192809488736,3.488303633030267,-0.20586071410954895,Visual_Fixed,160
V01,28,Male,Visual,Adaptive,180,485.387063644299,19.5198170622223,487.594444444444,40.7385562966559,330,1.83902813306787,3.02139110516645,-0.20586071410954895,Visual_Adaptive,180
V01,28,Male,Visual,Fixed,180,505.578531078437,30.7735988339014,500,143.614066163451,450,3.32192809488736,3.4586357196091835,-0.20586071410954895,Visual_Fixed,180
V01,28,Male,Visual,Adaptive,200,484.601226719031,20.5309002050472,487.27,39.5322286242504,330,1.79123718418034,3.0694891221625324,-0.20586071410954895,Visual_Adaptive,200
V01,28,Male,Visual,Fixed,200,497.495751395545,34.6225307358945,500,143.614066163451,450,3.32192809488736,3.5729783235099344,-0.20586071410954895,Visual_Fixed,200
V02,27,Female,Visual,Adaptive,40,525.805457627718,47.5887711159155,514.7,81.1468422059663,346,2.63837637173451,3.883392457213355,-0.33452366042801696,Visual_Adaptive,40
V02,27,Female,Visual,Fixed,40,500,35.6586636662877,500,143.614066163451,450,3.32192809488736,3.601649789654631,-0.33452366042801696,Visual_Fixed,40
V02,27,Female,Visual,Adaptive,60,509.036196780373,53.5327260626383,516.45,74.1387044666954,346,2.37586159727003,3.9988009996678424,-0.33452366042801696,Visual_Adaptive,60
V02,27,Female,Visual,Fixed,60,500,46.9949892859359,500,143.614066163451,450,3.32192809488736,3.871096615582553,-0.33452366042801696,Visual_Fixed,60
V02,27,Female,Visual,Adaptive,80,524.864495945375,54.2872729894274,515.9875,71.5802859993588,346,2.22587360291312,4.01254273718425,-0.33452366042801696,Visual_Adaptive,80
V02,27,Female,Visual,Fixed,80,487.489007665427,43.4016424382801,500,143.614066163451,450,3.32192809488736,3.7932764606071525,-0.33452366042801696,Visual_Fixed,80
V02,27,Female,Visual,Adaptive,100,517.608924477179,59.8326598139488,516.28,69.3880508445078,346,2.11635661115316,4.10812681274162,-0.33452366042801696,Visual_Adaptive,100
V02,27,Female,Visual,Fixed,100,484.987774412555,42.9537677160544,500,143.614066163451,450,3.32192809488736,3.7831383477845537,-0.33452366042801696,Visual_Fixed,100
V02,27,Female,Visual,Adaptive,120,512.525208108333,59.9643310785155,516.15,68.1922099656552,346,2.02375453229441,4.11028895673052,-0.33452366042801696,Visual_Adaptive,120
V02,27,Female,Visual,Fixed,120,487.491991697804,39.1452290474588,500,143.614066163451,450,3.32192809488736,3.6925036051243887,-0.33452366042801696,Visual_Fixed,120
V02,27,Female,Visual,Adaptive,140,507.080135871533,60.7336763855518,514.192857142857,68.1482518828904,346,2.06551659520676,4.122829590529908,-0.33452366042801696,Visual_Adaptive,140
V02,27,Female,Visual,Fixed,140,478.555648584401,42.5931821317794,500,143.614066163451,450,3.32192809488736,3.7749007650031112,-0.33452366042801696,Visual_Fixed,140
V02,27,Female,Visual,Adaptive,160,504.925304454889,61.6818088842805,511.09375,68.5948974847073,346,2.29168200246321,4.138071276105875,-0.33452366042801696,Visual_Adaptive,160
V02,27,Female,Visual,Fixed,160,481.240110065321,39.9760177058685,500,143.614066163451,450,3.32192809488736,3.712986961560466,-0.33452366042801696,Visual_Fixed,160
V02,27,Female,Visual,Adaptive,180,501.292326109392,59.4072544403802,506.516666666667,69.7617751908434,346,2.47967046541991,4.101109204357357,-0.33452366042801696,Visual_Adaptive,180
V02,27,Female,Visual,Fixed,180,474.988577184138,40.2546104936679,500,143.614066163451,450,3.32192809488736,3.7197628760784043,-0.33452366042801696,Visual_Fixed,180
V02,27,Female,Visual,Adaptive,200,495.369014354844,62.7299548515097,501.92,70.1090122594806,346,2.66263309886505,4.1546547008920856,-0.33452366042801696,Visual_Adaptive,200
V02,27,Female,Visual,Fixed,200,474.98391119085,41.9678013931387,500,143.614066163451,450,3.32192809488736,3.76045103038848,-0.33452366042801696,Visual_Fixed,200
V03,27,Female,Visual,Adaptive,40,511.863996148504,37.3521336890329,502.2,77.3806177282141,335,2.9614712003471,3.646810163528488,-0.33452366042801696,Visual_Adaptive,40
V03,27,Female,Visual,Fixed,40,462.556200632263,28.9299346699428,500,143.614066163451,450,3.32192809488736,3.3988591391005416,-0.33452366042801696,Visual_Fixed,40
V03,27,Female,Visual,Adaptive,60,502.614133097055,32.8423541171503,500.483333333333,71.3637376792693,335,2.67419992408776,3.5217130984280556,-0.33452366042801696,Visual_Adaptive,60
V03,27,Female,Visual,Fixed,60,466.784740848404,25.4835557745275,500,143.614066163451,450,3.32192809488736,3.2765240035692407,-0.33452366042801696,Visual_Fixed,60
V03,27,Female,Visual,Adaptive,80,500.145971264944,36.7162823169788,496.9125,65.6033904897453,335,2.65471479941033,3.6300918929126413,-0.33452366042801696,Visual_Adaptive,80
V03,27,Female,Visual,Fixed,80,481.219016163708,29.9910569870712,500,143.614066163451,450,3.32192809488736,3.4336986785775236,-0.33452366042801696,Visual_Fixed,80
V03,27,Female,Visual,Adaptive,100,499.337398868275,33.2910902435476,496.75,61.2337121200405,335,2.58582015570666,3.534885560765174,-0.33452366042801696,Visual_Adaptive,100
V03,27,Female,Visual,Fixed,100,484.97307440712,31.7178686506311,500,143.614066163451,450,3.32192809488736,3.487921370573515,-0.33452366042801696,Visual_Fixed,100
V03,27,Female,Visual,Adaptive,120,493.73665385189,33.1499380920121,496.858333333333,57.315980295396,335,2.57206820541999,3.5307607731897415,-0.33452366042801696,Visual_Adaptive,120
V03,27,Female,Visual,Fixed,120,491.655840599197,35.1076312829868,500,143.614066163451,450,3.32192809488736,3.5865042358790293,-0.33452366042801696,Visual_Fixed,120
V03,27,Female,Visual,Adaptive,140,491.663428396579,33.2698831713414,495.821428571429,54.7831136466003,335,2.53502751598525,3.534266926815676,-0.33452366042801696,Visual_Adaptive,140
V03,27,Female,Visual,Fixed,140,489.267066221814,33.2852757210811,500,143.614066163451,450,3.32192809488736,3.5347159827363983,-0.33452366042801696,Visual_Fixed,140
V03,27,Female,Visual,Adaptive,160,488.189592636498,32.8281476949312,495.24375,52.8404138509295,335,2.52319064505057,3.5212932279661144,-0.33452366042801696,Visual_Adaptive,160
V03,27,Female,Visual,Fixed,160,484.352598057044,32.3636475707475,500,143.614066163451,450,3.32192809488736,3.507466911164107,-0.33452366042801696,Visual_Fixed,160
V03,27,Female,Visual,Adaptive,180,490.725652887521,35.1229602118687,496.155555555556,52.5704630020215,335,2.48960372643315,3.586928680115046,-0.33452366042801696,Visual_Adaptive,180
V03,27,Female,Visual,Fixed,180,480.535176466681,31.3299149672711,500,143.614066163451,450,3.32192809488736,3.47599296158452,-0.33452366042801696,Visual_Fixed,180
V03,27,Female,Visual,Adaptive,200,492.065808178573,34.5422244773763,497.455,53.9278960742954,335,2.57825252763998,3.57072141157747,-0.33452366042801696,Visual_Adaptive,200
V03,27,Female,Visual,Fixed,200,482.47886300471,32.0906848193496,500,143.614066163451,450,3.32192809488736,3.4992518173781657,-0.33452366042801696,Visual_Fixed,200
V04,50,Male,Visual,Adaptive,40,494.641605440415,23.0464044930366,496.45,66.3882331441348,345,2.80235800093209,3.179985484046293,2.624724104896747,Visual_Adaptive,40
V04,50,Male,Visual,Fixed,40,487.480789077884,47.3187616589509,500,143.614066163451,450,3.32192809488736,3.877819925379096,2.624724104896747,Visual_Fixed,40
V04,50,Male,Visual,Adaptive,60,492.177056702162,17.4752932859755,493.116666666667,57.752948457681,345,2.53087084901161,2.9164343414565987,2.624724104896747,Visual_Adaptive,60
V04,50,Male,Visual,Fixed,60,500,41.6743075241637,500,143.614066163451,450,3.32192809488736,3.75359704181572,2.624724104896747,Visual_Fixed,60
V04,50,Male,Visual,Adaptive,80,487.526702274706,20.7781059392721,492.175,51.6017865485295,345,2.3497083864039,3.0809051504208123,2.624724104896747,Visual_Adaptive,80
V04,50,Male,Visual,Fixed,80,500,40.2480732536559,500,143.614066163451,450,3.32192809488736,3.7196044026875095,2.624724104896747,Visual_Fixed,80
V04,50,Male,Visual,Adaptive,100,491.071853646556,19.6677289567329,491.67,47.6678203823082,345,2.21633401474289,3.0285734961882262,2.624724104896747,Visual_Adaptive,100
V04,50,Male,Visual,Fixed,100,494.99527361496,37.3698767874414,500,143.614066163451,450,3.32192809488736,3.647272693084599,2.624724104896747,Visual_Fixed,100
V04,50,Male,Visual,Adaptive,120,490.711554315609,18.3893234288379,491.183333333333,44.6822081171267,345,2.1204328901662,2.9647225758576496,2.624724104896747,Visual_Adaptive,120
V04,50,Male,Visual,Fixed,120,495.825086476687,33.8573806163363,500,143.614066163451,450,3.32192809488736,3.5512648971750935,2.624724104896747,Visual_Fixed,120
V04,50,Male,Visual,Adaptive,140,491.337181498538,18.2382574651241,490.892857142857,42.5151563610927,345,2.04691862748035,2.9569008727952575,2.624724104896747,Visual_Adaptive,140
V04,50,Male,Visual,Fixed,140,496.421882268351,34.1378174498862,500,143.614066163451,450,3.32192809488736,3.5592779706958932,2.624724104896747,Visual_Fixed,140
V04,50,Male,Visual,Adaptive,160,491.453367545059,19.0263311211396,491.93125,41.4252522434988,345,2.12470001535568,2.997047963710966,2.624724104896747,Visual_Adaptive,160
V04,50,Male,Visual,Fixed,160,490.615612434851,36.1809994842954,500,143.614066163451,450,3.32192809488736,3.6157978642422335,2.624724104896747,Visual_Fixed,160
V04,50,Male,Visual,Adaptive,180,493.148436667199,20.0213949088602,492.894444444444,40.5429124128198,345,2.13160661197532,3.045540724277466,2.624724104896747,Visual_Adaptive,180
V04,50,Male,Visual,Fixed,180,491.657958419865,36.1904495917785,500,143.614066163451,450,3.32192809488736,3.6160519969141487,2.624724104896747,Visual_Fixed,180
V04,50,Male,Visual,Adaptive,200,494.315488236931,19.9205197809741,494.17,40.0756921337611,345,2.1701881214837,3.0407304850149313,2.624724104896747,Visual_Adaptive,200
V04,50,Male,Visual,Fixed,200,487.490994907046,37.3183462674772,500,143.614066163451,450,3.32192809488736,3.6459287963122646,2.624724104896747,Visual_Fixed,200
V05,26,Female,Visual,Adaptive,40,461.074352337764,49.918478071608,473.525,91.0897874352553,349,2.17426989881401,3.93022588462525,-0.46318660674648493,Visual_Adaptive,40
V05,26,Female,Visual,Fixed,40,473.461004564744,2.99740646123255,498.75,142.735550932485,450,3.29458849664234,1.3856457661357688,-0.46318660674648493,Visual_Fixed,40
V05,26,Female,Visual,Adaptive,60,474.179969941786,47.2001908610354,474.866666666667,80.8600574380756,349,2.36752079195558,3.8753629808212335,-0.46318660674648493,Visual_Adaptive,60
V05,26,Female,Visual,Fixed,60,474.247534139204,26.8807203892106,507.5,146.579045796685,450,3.30984934887805,3.327935424482844,-0.46318660674648493,Visual_Fixed,60
V05,26,Female,Visual,Adaptive,80,481.173753580421,48.0989493147109,477.125,74.0091843962626,349,2.3407228660284,3.8938376356857902,-0.46318660674648493,Visual_Adaptive,80
V05,26,Female,Visual,Fixed,80,477.995290488322,30.4319638712858,493.75,143.912951119765,450,3.31514773986046,3.4478253328308925,-0.46318660674648493,Visual_Fixed,80
V05,26,Female,Visual,Adaptive,100,482.989723562249,46.6159615039551,479.19,69.0878708602313,349,2.29421192792486,3.863168030741615,-0.46318660674648493,Visual_Adaptive,100
V05,26,Female,Visual,Fixed,100,491.556876110362,38.947452098786,498,144.986206240456,450,3.31903787648248,3.6875648929265132,-0.46318660674648493,Visual_Fixed,100
V05,26,Female,Visual,Adaptive,120,484.392840487464,49.2223339170965,480.9,65.7618683838388,349,2.29798126841086,3.916459826506522,-0.46318660674648493,Visual_Adaptive,120
V05,26,Female,Visual,Fixed,120,479.255054060928,40.5274997956638,497.916666666667,146.329513048082,450,3.31891899179894,3.7263558534625916,-0.46318660674648493,Visual_Fixed,120
V05,26,Female,Visual,Adaptive,140,485.483234557709,47.5164917540991,481.8,63.4174604167834,349,2.46377884478214,3.881903776311234,-0.46318660674648493,Visual_Adaptive,140
V05,26,Female,Visual,Fixed,140,490.032362113239,43.4443254022646,496.428571428571,142.696338067798,450,3.32045470271095,3.794237291319129,-0.46318660674648493,Visual_Fixed,140
V05,26,Female,Visual,Adaptive,160,485.724419812584,48.1815170016601,482.29375,61.8764491623227,349,2.41669505963702,3.8955178822183827,-0.46318660674648493,Visual_Adaptive,160
V05,26,Female,Visual,Fixed,160,488.039118509898,41.4815463026422,500.3125,143.722483779505,450,3.32136417466621,3.7490697769925254,-0.46318660674648493,Visual_Fixed,160
V05,26,Female,Visual,Adaptive,180,486.927688912299,47.6042343828119,483.583333333333,60.8272485541362,349,2.36383650436318,3.883710654329444,-0.46318660674648493,Visual_Adaptive,180
V05,26,Female,Visual,Fixed,180,477.670933923315,44.1037876133463,499.722222222222,144.577662926484,450,3.32103708372335,3.8089662255398626,-0.46318660674648493,Visual_Fixed,180
V05,26,Female,Visual,Adaptive,200,487.897389008962,45.0427917334448,485.345,59.2434466840004,349,2.38217819199513,3.8295712191448823,-0.46318660674648493,Visual_Adaptive,200
V05,26,Female,Visual,Fixed,200,479.694236297457,46.8069319362714,500.25,144.395074361974,450,3.32120644650449,3.867170648570354,-0.46318660674648493,Visual_Fixed,200
V06,20,Female,Visual,Adaptive,40,482.710797511795,50.2056418190645,496.65,92.7813424132244,324,2.87217357283635,3.9358497177533978,-1.2351642846572928,Visual_Adaptive,40
V06,20,Female,Visual,Fixed,40,500,35.6586636662877,500,143.614066163451,450,3.32192809488736,3.601649789654631,-1.2351642846572928,Visual_Fixed,40
V06,20,Female,Visual,Adaptive,60,477.485193330726,55.158804367815,480.316666666667,93.914054976996,324,2.96501674994651,4.028183469744042,-1.2351642846572928,Visual_Adaptive,60
V06,20,Female,Visual,Fixed,60,474.988577184138,40.2546104936679,500,143.614066163451,450,3.32192809488736,3.7197628760784043,-1.2351642846572928,Visual_Fixed,60
V06,20,Female,Visual,Adaptive,80,472.763426889591,54.0096120467681,471.925,89.0889688738174,324,2.87676221103667,4.00750793444963,-1.2351642846572928,Visual_Adaptive,80
V06,20,Female,Visual,Fixed,80,481.24011006532,39.9760177058686,500,143.614066163451,450,3.32192809488736,3.7129869615604685,-1.2351642846572928,Visual_Fixed,80
V06,20,Female,Visual,Adaptive,100,472.651968246763,47.0401666736586,469.19,83.336869991619,324,2.8367752307204,3.872037466682421,-1.2351642846572928,Visual_Adaptive,100
V06,20,Female,Visual,Fixed,100,479.95664574581,49.5988196797231,500,143.614066163451,450,3.32192809488736,3.923928249533667,-1.2351642846572928,Visual_Fixed,100
V06,20,Female,Visual,Adaptive,120,465.779775427449,52.2238741110788,468.366666666667,78.7619761616536,324,2.76966239384406,3.974507057170721,-1.2351642846572928,Visual_Adaptive,120
V06,20,Female,Visual,Fixed,120,474.968738556077,45.7431508050773,500,143.614066163451,450,3.32192809488736,3.844667738158254,-1.2351642846572928,Visual_Fixed,120
V06,20,Female,Visual,Adaptive,140,466.856368151987,52.9629775681356,467.15,75.7123244355143,324,2.68208566266639,3.9882982108426313,-1.2351642846572928,Visual_Adaptive,140
V06,20,Female,Visual,Fixed,140,471.346832019518,51.3524438401519,500,143.614066163451,450,3.32192809488736,3.9579986189423555,-1.2351642846572928,Visual_Fixed,140
V06,20,Female,Visual,Adaptive,160,466.647599470924,52.5365813099304,466.79375,73.0165303950927,324,2.60583684947615,3.980365183045119,-1.2351642846572928,Visual_Adaptive,160
V06,20,Female,Visual,Fixed,160,462.38920581484,51.095905167116896,500,143.614066163451,450,3.32192809488736,3.9530863500297713,-1.2351642846572928,Visual_Fixed,160
V06,20,Female,Visual,Adaptive,180,466.747809578032,52.2788849412023,467.883333333333,69.9463504726619,324,2.58940604094033,3.9755400977323965,-1.2351642846572928,Visual_Adaptive,180
V06,20,Female,Visual,Fixed,180,460.837380627161,58.9093513172172,500,143.614066163451,450,3.32192809488736,4.092832608416069,-1.2351642846572928,Visual_Fixed,180
V06,20,Female,Visual,Adaptive,200,468.941142494221,50.9790993705377,469.275,67.2617229559279,324,2.56908813455278,3.950841702601864,-1.2351642846572928,Visual_Adaptive,200
V06,20,Female,Visual,Fixed,200,457.256235742226,56.5749345042647,500,143.614066163451,450,3.32192809488736,4.053087308133626,-1.2351642846572928,Visual_Fixed,200
V07,27,Female,Visual,Adaptive,40,497.028116975797,20.1192111860902,493.85,75.1583495028995,337,3.02055028367958,3.050183108997108,-0.33452366042801696,Visual_Adaptive,40
V07,27,Female,Visual,Fixed,40,477.411153728963,2.96288105246523,500,143.614066163451,450,3.32192809488736,1.3769712992398695,-0.33452366042801696,Visual_Fixed,40
V07,27,Female,Visual,Adaptive,60,486.25344189891,22.9756780907465,494.533333333333,64.2976066601411,337,2.82896229471474,3.177039903612354,-0.33452366042801696,Visual_Adaptive,60
V07,27,Female,Visual,Fixed,60,500,19.4181999468571,500,143.614066163451,450,3.32192809488736,3.016426657374804,-0.33452366042801696,Visual_Fixed,60
V07,27,Female,Visual,Adaptive,80,485.501558998544,23.0958992210434,493.375,57.7649060849232,337,2.66005702611641,3.1820416692151197,-0.33452366042801696,Visual_Adaptive,80
V07,27,Female,Visual,Fixed,80,487.480789077883,47.3187616589509,500,143.614066163451,450,3.32192809488736,3.877819925379096,-0.33452366042801696,Visual_Fixed,80
V07,27,Female,Visual,Adaptive,100,491.703458006172,25.5951002822091,492.71,53.4879977191145,337,2.49092607725997,3.280726998903814,-0.33452366042801696,Visual_Adaptive,100
V07,27,Female,Visual,Fixed,100,474.887061103426,55.3666554094948,500,143.614066163451,450,3.32192809488736,4.031877767523125,-0.33452366042801696,Visual_Fixed,100
V07,27,Female,Visual,Adaptive,120,492.428828734972,23.5170799069757,493.008333333333,50.0457283946947,337,2.41235818096619,3.1993700137223575,-0.33452366042801696,Visual_Adaptive,120
V07,27,Female,Visual,Fixed,120,479.096703579613,52.9663612349938,500,143.614066163451,450,3.32192809488736,3.9883609123637713,-0.33452366042801696,Visual_Fixed,120
V07,27,Female,Visual,Adaptive,140,490.636544514805,22.6188658536233,492.992857142857,47.3256946864071,337,2.33359797626833,3.1620457932583625,-0.33452366042801696,Visual_Adaptive,140
V07,27,Female,Visual,Fixed,140,478.526847870998,49.2566131668068,500,143.614066163451,450,3.32192809488736,3.917142143589554,-0.33452366042801696,Visual_Fixed,140
V07,27,Female,Visual,Adaptive,160,489.962868684519,21.6658746988978,492.85,45.1972344286683,337,2.266456312393,3.1208604761430805,-0.33452366042801696,Visual_Adaptive,160
V07,27,Female,Visual,Fixed,160,484.341718900706,49.5852293713549,500,143.614066163451,450,3.32192809488736,3.923659624022485,-0.33452366042801696,Visual_Fixed,160
V07,27,Female,Visual,Adaptive,180,487.744144380276,22.9392775224963,492.65,43.4400576784966,337,2.20758357285794,3.1755205209984307,-0.33452366042801696,Visual_Adaptive,180
V07,27,Female,Visual,Fixed,180,483.30865888122503,47.009275828908,500,143.614066163451,450,3.32192809488736,3.871394238673787,-0.33452366042801696,Visual_Fixed,180
V07,27,Female,Visual,Adaptive,200,487.24194582477,23.1736031178326,491.74,42.2874969701447,337,2.1494229950741,3.185261257574049,-0.33452366042801696,Visual_Adaptive,200
V07,27,Female,Visual,Fixed,200,484.980539614083,46.137803528638,500,143.614066163451,450,3.32192809488736,3.853075301781734,-0.33452366042801696,Visual_Fixed,200
V08,30,Male,Visual,Adaptive,40,534.507174141565,60.0725083551711,502.625,98.1711993152778,332,2.70829465878775,4.112061819834668,0.051465178527387016,Visual_Adaptive,40
V08,30,Male,Visual,Fixed,40,537.668101013545,54.6120656758727,500,143.614066163451,450,3.32192809488736,4.018400186272447,0.051465178527387016,Visual_Fixed,40
V08,30,Male,Visual,Adaptive,60,531.765577811991,61.9160440599413,502.916666666667,97.331613854675,332,2.58596606353603,4.141801203676029,0.051465178527387016,Visual_Adaptive,60
V08,30,Male,Visual,Fixed,60,516.776813402268,59.3467126563528,500,143.614066163451,450,3.32192809488736,4.100106474748455,0.051465178527387016,Visual_Fixed,60
V08,30,Male,Visual,Adaptive,80,525.155256505056,61.1602017980973,503.375,95.3231838274404,332,2.37769195958109,4.129714952484259,0.051465178527387016,Visual_Adaptive,80
V08,30,Male,Visual,Fixed,80,506.307372374868,63.1455235068778,500,143.614066163451,450,3.32192809488736,4.16115430697251,0.051465178527387016,Visual_Fixed,80
V08,30,Male,Visual,Adaptive,100,514.608473465591,57.2577894203766,505.37,90.0120719681533,332,2.45586759956806,4.064877807460522,0.051465178527387016,Visual_Adaptive,100
V08,30,Male,Visual,Fixed,100,510.082772600327,61.9161741709165,500,143.614066163451,450,3.32192809488736,4.141803271683365,0.051465178527387016,Visual_Fixed,100
V08,30,Male,Visual,Adaptive,120,507.675073828678,62.1978955583633,504.166666666667,85.5533296968752,332,2.57358487001405,4.146271002471254,0.051465178527387016,Visual_Adaptive,120
V08,30,Male,Visual,Fixed,120,500,60.7202520231852,500,143.614066163451,450,3.32192809488736,4.122612110817556,0.051465178527387016,Visual_Fixed,120
V08,30,Male,Visual,Adaptive,140,510.575154323184,63.1375681216505,503.114285714286,82.2001986193539,332,2.57548584349258,4.161030278386412,0.051465178527387016,Visual_Adaptive,140
V08,30,Male,Visual,Fixed,140,500,55.7691139317584,500,143.614066163451,450,3.32192809488736,4.038992409024161,0.051465178527387016,Visual_Fixed,140
V08,30,Male,Visual,Adaptive,160,501.418601272561,64.2052470919802,501.75625,79.7738010623632,332,2.61053427674722,4.17753994256538,0.051465178527387016,Visual_Adaptive,160
V08,30,Male,Visual,Fixed,160,503.134705646678,52.6775449818729,500,143.614066163451,450,3.32192809488736,3.982994757300757,0.051465178527387016,Visual_Fixed,160
V08,30,Male,Visual,Adaptive,180,503.840855395351,69.9851200806982,502.7,80.657981626123,332,2.6522301502584398,4.262470278748934,0.051465178527387016,Visual_Adaptive,180
V08,30,Male,Visual,Fixed,180,497.215215684651,51.0290589581924,500,143.614066163451,450,3.32192809488736,3.9518023886153433,0.051465178527387016,Visual_Fixed,180
V08,30,Male,Visual,Adaptive,200,498.677452448299,67.8790377421765,501.625,80.7131611015205,332,2.70883488298228,4.232351889960576,0.051465178527387016,Visual_Adaptive,200
V08,30,Male,Visual,Fixed,200,494.988524030186,50.2955630939938,500,143.614066163451,450,3.32192809488736,3.937604259040468,0.051465178527387016,Visual_Fixed,200
V09,29,Male,Visual,Adaptive,40,504.151841957419,43.6889193958065,489.575,79.7417354651879,336,2.66476494980691,3.799725582653165,-0.07719776779108098,Visual_Adaptive,40
V09,29,Male,Visual,Fixed,40,537.443799367737,28.9299346699428,500,143.614066163451,450,3.32192809488736,3.3988591391005416,-0.07719776779108098,Visual_Fixed,40
V09,29,Male,Visual,Adaptive,60,511.105930295665,55.5424906420009,492.833333333333,70.5110314458352,336,2.33349005895614,4.034992402268007,-0.07719776779108098,Visual_Adaptive,60
V09,29,Male,Visual,Fixed,60,550.001301692519,28.5111023956434,500,143.614066163451,450,3.32192809488736,3.3847665449376674,-0.07719776779108098,Visual_Fixed,60
V09,29,Male,Visual,Adaptive,80,501.794196247233,60.5927226177915,494.7,66.3841848635652,336,2.13354129793184,4.1205437242389085,-0.07719776779108098,Visual_Adaptive,80
V09,29,Male,Visual,Fixed,80,537.566655197718,47.3947409313894,500,143.614066163451,450,3.32192809488736,3.879391149376462,-0.07719776779108098,Visual_Fixed,80
V09,29,Male,Visual,Adaptive,100,496.844887705151,64.3023381264797,493.59,65.7620095495872,336,2.10195630687285,4.179027841559894,-0.07719776779108098,Visual_Adaptive,100
V09,29,Male,Visual,Fixed,100,530.044533438102,46.6359942551263,500,143.614066163451,450,3.32192809488736,3.8635886573063276,-0.07719776779108098,Visual_Fixed,100
V09,29,Male,Visual,Adaptive,120,496.200765853631,62.0331574890214,490.616666666667,67.3966101191711,336,2.12748958732582,4.14366089728889,-0.07719776779108098,Visual_Adaptive,120
V09,29,Male,Visual,Fixed,120,525.031261443923,45.7431508050773,500,143.614066163451,450,3.32192809488736,3.844667738158254,-0.07719776779108098,Visual_Fixed,120
V09,29,Male,Visual,Adaptive,140,493.356491493745,59.54059560016,490.035714285714,66.8570341116332,336,2.17512964694272,4.103314141671376,-0.07719776779108098,Visual_Adaptive,140
V09,29,Male,Visual,Fixed,140,510.754620252175,54.1990721205241,500,143.614066163451,450,3.32192809488736,4.010946143730974,-0.07719776779108098,Visual_Fixed,140
V09,29,Male,Visual,Adaptive,160,491.364768295438,55.2783507336702,489.60625,65.3099434308245,336,2.34546008386165,4.030309927155644,-0.07719776779108098,Visual_Adaptive,160
V09,29,Male,Visual,Fixed,160,506.281047946401,56.7524778425528,500,143.614066163451,450,3.32192809488736,4.056166254846002,-0.07719776779108098,Visual_Fixed,160
V09,29,Male,Visual,Adaptive,180,494.012202878726,59.0564573750134,489.077777777778,64.8464387401803,336,2.44162611307381,4.095285076050503,-0.07719776779108098,Visual_Adaptive,180
V09,29,Male,Visual,Fixed,180,500.000000000001,56.4027449963187,500,143.614066163451,450,3.32192809488736,4.050092124417591,-0.07719776779108098,Visual_Fixed,180
V09,29,Male,Visual,Adaptive,200,486.900505139481,59.6059874076377,487.515,65.3495200824,336,2.50779738647494,4.104393690300895,-0.07719776779108098,Visual_Adaptive,200
V09,29,Male,Visual,Fixed,200,492.45323177286,58.9496414119563,500,143.614066163451,450,3.32192809488736,4.093504900003696,-0.07719776779108098,Visual_Fixed,200
V10,27,Male,Visual,Adaptive,40,472.898547471685,43.8474828941545,491.225,75.5021481482481,349,2.78880316276967,3.8032674641685373,-0.33452366042801696,Visual_Adaptive,40
V10,27,Male,Visual,Fixed,40,512.519210922117,47.3187616589509,500,143.614066163451,450,3.32192809488736,3.877819925379096,-0.33452366042801696,Visual_Fixed,40
V10,27,Male,Visual,Adaptive,60,477.671282312384,35.9514593000552,484.483333333333,70.7037225956943,349,2.69442404177359,3.6096051405265306,-0.33452366042801696,Visual_Adaptive,60
V10,27,Male,Visual,Fixed,60,525.907274294768,83.7629331620153,500,143.614066163451,450,3.32192809488736,4.439858338299398,-0.33452366042801696,Visual_Fixed,60
V10,27,Male,Visual,Adaptive,80,485.347947878717,35.5107460867327,483.9375,64.3327956313885,349,2.68692357344051,3.597606630592487,-0.33452366042801696,Visual_Adaptive,80
V10,27,Male,Visual,Fixed,80,519.68912065751,91.1260576588274,500,143.614066163451,450,3.32192809488736,4.523157831136433,-0.33452366042801696,Visual_Fixed,80
V10,27,Male,Visual,Adaptive,100,488.21484107169,36.3619661117428,484.73,59.7865963239253,349,2.62000399175239,3.620653238093249,-0.33452366042801696,Visual_Adaptive,100
V10,27,Male,Visual,Fixed,100,510.429182442163,87.8126456956932,500,143.614066163451,450,3.32192809488736,4.486529046342316,-0.33452366042801696,Visual_Fixed,100
V10,27,Male,Visual,Adaptive,120,478.88818088251,37.3390098803525,484.458333333333,56.8552102322694,349,2.53100196005173,3.6464679125670942,-0.33452366042801696,Visual_Adaptive,120
V10,27,Male,Visual,Fixed,120,500,97.8079000691292,500,143.614066163451,450,3.32192809488736,4.593177561771033,-0.33452366042801696,Visual_Fixed,120
V10,27,Male,Visual,Adaptive,140,480.327557169866,35.899783796747,483.528571428571,55.0360197451429,349,2.45979650353614,3.6082056918625685,-0.33452366042801696,Visual_Adaptive,140
V10,27,Male,Visual,Fixed,140,496.175287505759,100.533343301691,500,143.614066163451,450,3.32192809488736,4.620387249971125,-0.33452366042801696,Visual_Fixed,140
V10,27,Male,Visual,Adaptive,160,482.542298526689,34.3129515157445,484.39375,52.640300255009,349,2.44247987333765,3.5642497951114858,-0.33452366042801696,Visual_Adaptive,160
V10,27,Male,Visual,Fixed,160,493.342738748612,98.141067492643,500,143.614066163451,450,3.32192809488736,4.596543760061622,-0.33452366042801696,Visual_Fixed,160
V10,27,Male,Visual,Adaptive,180,482.749925958881,33.4888062290713,484.755555555556,50.9392472812491,349,2.4204152597607,3.5406348142613435,-0.33452366042801696,Visual_Adaptive,180
V10,27,Male,Visual,Fixed,180,488.265907742384,94.1107728561346,500,143.614066163451,450,3.32192809488736,4.555042242380053,-0.33452366042801696,Visual_Fixed,180
V10,27,Male,Visual,Adaptive,200,482.265881502638,34.6980992190435,484.125,49.911615632035,349,2.3803883086657,3.5750974442040784,-0.33452366042801696,Visual_Adaptive,200
V10,27,Male,Visual,Fixed,200,483.946604865287,100.050284836777,500,143.614066163451,450,3.32192809488736,4.615618262616335,-0.33452366042801696,Visual_Fixed,200
